index,word,frequency
0,the,23135851162
1,of,13151942776
2,and,12997637966
3,to,12136980858
4,a,9081174698
5,in,8469404971
6,for,5933321709
7,is,4705743816
8,on,3750423199
9,that,3400031103
10,by,3350048871
11,this,3228469771
12,with,3183110675
13,i,3086225277
14,you,2996181025
15,it,2813163874
16,not,2633487141
17,or,2590739907
18,be,2398724162
19,are,2393614870
20,from,2275595356
21,at,2272272772
22,as,2247431740
23,your,2062066547
24,all,2022459848
25,have,1564202750
26,new,1551258643
27,more,1544771673
28,an,1518266684
29,was,1483428678
30,we,1390661912
31,will,1356293641
32,home,1276852170
33,can,1242323499
34,us,1229112622
35,about,1226734006
36,if,1134987907
37,page,1082121730
38,my,1059793441
39,has,1046319984
40,search,1024093118
41,free,1014107316
42,but,999899654
43,our,998757982
44,one,993536631
45,other,978481319
46,do,950751722
47,no,937112320
48,information,932594387
49,time,908705570
50,they,883223816
51,site,844310242
52,he,842847219
53,up,829969374
54,may,827822032
55,what,812395582
56,which,810514085
57,their,782849411
58,news,755424983
59,out,741601852
60,use,719980257
61,any,710741293
62,there,701170205
63,see,681410380
64,only,661844114
65,so,661809559
66,his,660177731
67,when,650621178
68,contact,645824184
69,here,639711198
70,business,637134177
71,who,630927278
72,web,619571575
73,also,616829742
74,now,611387736
75,help,611054034
76,get,605984508
77,pm,604577485
78,view,602279334
79,online,601317059
80,first,578161543
81,am,576436203
82,been,575019382
83,would,572644147
84,how,571848080
85,were,570699558
86,me,566617666
87,services,562206804
88,some,548829454
89,these,541003982
90,click,536746424
91,its,525627757
92,like,520585287
93,service,519537222
94,than,502609275
95,find,502043038
96,price,501651226
97,date,488967374
98,back,488024109
99,top,484213771
100,people,480303376
101,had,480232730
102,list,472590641
103,name,464532702
104,just,462836169
105,over,459222855
106,state,453104133
107,year,451092583
108,day,446236148
109,into,445315294
110,email,443949646
111,two,441398439
112,health,440416431
113,world,431934249
114,re,430847564
115,next,425903347
116,used,421438139
117,go,421086358
118,work,419483948
119,last,417601616
120,most,416210411
121,products,414377632
122,music,414028837
123,buy,410780176
124,data,406908328
125,make,405084642
126,them,403000411
127,should,402028056
128,product,399116355
129,system,396975018
130,post,392956436
131,her,391961061
132,city,390564835
133,add,387231739
134,policy,384401868
135,number,383787805
136,such,380725892
137,please,380046348
138,available,379644437
139,copyright,373906735
140,support,373512569
141,message,373081242
142,after,372948094
143,best,371852748
144,software,370517038
145,then,369928941
146,jan,366436194
147,good,365796396
148,video,365410017
149,well,362082755
150,where,360468339
151,info,352363058
152,rights,352051342
153,public,349286123
154,books,347710184
155,high,345413157
156,school,343057316
157,through,342373303
158,each,340892856
159,links,339926541
160,she,339171382
161,review,339067778
162,years,337841309
163,order,336631187
164,very,334923368
165,privacy,333272427
166,book,330959949
167,items,330505325
168,company,324272258
169,read,322331766
170,group,321842984
171,sex,320105999
172,need,319376932
173,many,318966441
174,user,316446229
175,said,315595259
176,de,314593284
177,does,314018806
178,set,313469591
179,under,313296421
180,general,311757793
181,research,311538382
182,university,311373936
183,january,310345867
184,mail,310337185
185,full,309929179
186,map,309676581
187,reviews,307684103
188,program,306686983
189,life,306559205
190,know,306100813
191,games,305930896
192,way,305515604
193,days,305147791
194,management,304201237
195,part,302729303
196,could,302311431
197,great,301487430
198,united,299280163
199,hotel,297974790
200,real,297674493
201,item,296534935
202,international,295639201
203,center,294319118
204,ebay,293178760
205,must,292774716
206,store,291308910
207,travel,287719294
208,comments,287558448
209,made,287353021
210,development,286291411
211,report,286237372
212,off,284035693
213,member,283858893
214,details,280827841
215,line,280009597
216,terms,277705910
217,before,277546019
218,hotels,275510917
219,did,275369513
220,send,274103587
221,right,273620358
222,type,272336859
223,because,271323986
224,local,270742935
225,those,270014141
226,using,269448880
227,results,268180843
228,office,266789622
229,education,266738068
230,national,266376620
231,car,264720374
232,design,264448339
233,take,264349801
234,posted,263851272
235,internet,263777245
236,address,261872866
237,community,261839117
238,within,261390908
239,states,260937015
240,area,259871557
241,want,258690345
242,phone,256643812
243,dvd,256530337
244,shipping,256521328
245,reserved,256443074
246,subject,256217838
247,between,255436698
248,forum,254478181
249,family,254164055
250,long,252519588
251,based,252405204
252,code,250245121
253,show,247541986
254,even,245697701
255,black,244690155
256,check,244491090
257,special,244311841
258,prices,243435728
259,website,242876222
260,index,242826246
261,being,242783091
262,women,242520455
263,much,242326300
264,sign,242290578
265,file,241864251
266,link,240402653
267,open,239670331
268,today,239271204
269,technology,238674296
270,south,238581133
271,case,235563000
272,project,235262594
273,same,234822585
274,pages,234001114
275,uk,232749142
276,version,232445953
277,section,232251956
278,own,232011723
279,found,232005894
280,sports,231864260
281,house,231310420
282,related,231127472
283,security,230014019
284,both,228648541
285,county,227567373
286,american,227534978
287,photo,227125249
288,game,227111505
289,members,226656153
290,power,226596368
291,while,226194991
292,care,225326739
293,network,225218991
294,down,224915894
295,computer,224177047
296,systems,223555915
297,three,223417394
298,total,222649459
299,place,220970235
300,end,220812328
301,following,220709925
302,download,220626128
303,him,219516023
304,without,219190105
305,per,218945655
306,access,217986984
307,think,217856550
308,north,217809513
309,resources,217268632
310,current,216987137
311,posts,216822128
312,big,216690546
313,media,216432510
314,law,216122487
315,control,215560453
316,water,215178488
317,history,215000515
318,pictures,214997918
319,size,214844153
320,art,214702696
321,personal,214671907
322,since,214302926
323,including,214195457
324,guide,213378807
325,shop,212793848
326,directory,212478717
327,board,212361059
328,location,211243333
329,change,210601244
330,white,209863729
331,text,208780080
332,small,208371878
333,rating,207858692
334,rate,207634179
335,government,206582673
336,children,206538107
337,during,206364495
338,usa,206211773
339,return,205629763
340,students,204801202
341,shopping,204104275
342,account,203611349
343,times,202950880
344,sites,202755734
345,level,202563642
346,digital,202346767
347,profile,201854745
348,previous,201692678
349,form,201395192
350,events,201235454
351,love,201063526
352,old,199694226
353,john,199642644
354,main,199616754
355,call,199608869
356,hours,198242904
357,image,197874283
358,department,197293325
359,title,196676017
360,description,196301245
361,non,196109547
362,insurance,193271293
363,another,192535750
364,why,192000672
365,shall,191963867
366,property,191783393
367,class,191087771
368,cd,190859046
369,still,190433487
370,money,190205072
371,quality,189509533
372,every,189325890
373,listing,188985252
374,content,188880495
375,country,188691168
376,private,187885878
377,little,187142519
378,visit,187062316
379,save,186091095
380,tools,185555874
381,low,184815478
382,reply,184777992
383,customer,184406888
384,december,183237239
385,compare,183202885
386,movies,182739567
387,include,182579275
388,college,182545426
389,value,182061247
390,article,181969355
391,york,181556155
392,man,181445531
393,card,181387042
394,jobs,181075605
395,provide,181040994
396,food,180144029
397,source,179963886
398,author,179813446
399,different,179794224
400,press,179652730
401,learn,179428286
402,sale,179224570
403,around,178810033
404,print,178250872
405,course,177976652
406,job,177706929
407,canada,177153952
408,process,176829177
409,teen,176301486
410,room,176299905
411,stock,176295589
412,training,176129154
413,too,176093255
414,credit,175916536
415,point,175527859
416,join,174297802
417,science,174232809
418,men,174058407
419,categories,173839008
420,advanced,173422161
421,west,173346868
422,sales,173244220
423,look,173043002
424,english,172371546
425,left,171752631
426,team,171687825
427,estate,169256248
428,box,169231297
429,conditions,168957006
430,select,168673045
431,windows,168532149
432,photos,167827453
433,gay,167587791
434,thread,167518537
435,week,167202060
436,category,166811948
437,note,166657334
438,live,166005029
439,large,165863763
440,gallery,165671626
441,table,165341452
442,register,164834442
443,however,163957176
444,june,163951797
445,october,163363054
446,november,163308383
447,market,162390150
448,library,162076395
449,really,162033390
450,action,162023431
451,start,161913408
452,series,161518557
453,model,161205740
454,features,160961088
455,air,160850401
456,industry,160812623
457,plan,160746244
458,human,160573748
459,provided,159785849
460,tv,159603914
461,yes,159595214
462,required,159478972
463,second,159343399
464,hot,159287179
465,accessories,158982297
466,cost,158887256
467,movie,158421100
468,forums,158410645
469,march,158281269
470,la,157960401
471,september,157182255
472,better,157079378
473,say,156845267
474,questions,156703712
475,july,156667525
476,yahoo,155733641
477,going,155284081
478,medical,155254497
479,test,154999587
480,friend,154527125
481,come,154326119
482,dec,154301106
483,server,153788544
484,pc,153460135
485,study,152978354
486,application,152776595
487,cart,152155277
488,staff,151553180
489,articles,151531225
490,san,151350397
491,feedback,151008079
492,again,150781416
493,play,150748333
494,looking,150610176
495,issues,150106274
496,april,149976767
497,never,149556758
498,users,149320234
499,complete,149312237
500,street,149130754
501,topic,149001702
502,comment,148628729
503,financial,148330257
504,things,147969893
505,working,147675944
506,against,147259825
507,standard,147177212
508,tax,146906651
509,person,146749448
510,below,145701629
511,mobile,145490029
512,less,145430147
513,got,145057782
514,blog,145041426
515,party,144707500
516,payment,144646164
517,equipment,144298238
518,login,144200144
519,student,143590165
520,let,143062438
521,programs,142498232
522,offers,142087909
523,legal,142048771
524,above,141894620
525,recent,141765729
526,park,141548802
527,stores,141210433
528,side,141155373
529,act,141076205
530,problem,141012024
531,red,140799532
532,give,140688602
533,memory,140479833
534,performance,139710600
535,social,139566375
536,august,139459917
537,quote,139242226
538,language,138517992
539,story,138433809
540,sell,137696613
541,options,137679195
542,experience,137134662
543,rates,137089538
544,create,137071122
545,key,136862835
546,body,136560842
547,young,136341684
548,america,136214727
549,important,136103455
550,field,135289140
551,few,135132664
552,east,135037085
553,paper,134939426
554,single,134754203
555,ii,133102742
556,age,132725767
557,activities,132685190
558,club,132428495
559,example,132369252
560,girls,132325396
561,additional,132187702
562,password,132141721
563,latest,131952173
564,something,131836210
565,road,131800620
566,gift,131417909
567,question,130644510
568,changes,130570251
569,night,130531484
570,ca,130326009
571,hard,130054708
572,texas,129399241
573,oct,129301730
574,pay,129198530
575,four,129167110
576,poker,129054826
577,status,128994593
578,browse,128740445
579,issue,128427156
580,range,128314924
581,building,128251365
582,seller,127768853
583,court,127719981
584,february,127704851
585,always,127634767
586,result,127425045
587,audio,127014703
588,light,126699632
589,write,126645151
590,war,126517399
591,nov,126461152
592,offer,126228968
593,blue,126160941
594,groups,125814267
595,al,125787543
596,easy,125548527
597,given,125542966
598,files,125524478
599,event,125515260
600,release,125340846
601,analysis,124949540
602,request,124620318
603,fax,124500817
604,china,124472054
605,making,124198695
606,picture,124116581
607,needs,123595776
608,possible,123311561
609,might,123196001
610,professional,123162607
611,yet,123160529
612,month,123027963
613,major,122592252
614,star,122498186
615,areas,121986327
616,future,121844371
617,space,121505269
618,committee,121345834
619,hand,121296661
620,sun,121218500
621,cards,121094522
622,problems,121087620
623,london,121079315
624,washington,120978063
625,meeting,120814306
626,rss,120548796
627,become,120495036
628,interest,120272948
629,id,119974321
630,child,119747393
631,keep,119602514
632,enter,119394206
633,california,119376975
634,porn,119294962
635,share,119294241
636,similar,119150817
637,garden,119014988
638,schools,118978625
639,million,118818608
640,added,118410414
641,reference,118127636
642,companies,118106080
643,listed,117951402
644,baby,117696064
645,learning,117672845
646,energy,117451031
647,run,117213565
648,delivery,117119498
649,net,116883588
650,popular,116495721
651,term,116282824
652,film,116097842
653,stories,115504667
654,put,115205090
655,computers,115168234
656,journal,114532201
657,reports,114515959
658,co,114452742
659,try,114384208
660,welcome,114025350
661,central,113841948
662,images,113788074
663,president,113756376
664,notice,113691786
665,god,113624357
666,original,113453183
667,head,113316224
668,radio,113285624
669,until,113090086
670,cell,113067567
671,color,112965658
672,self,112902176
673,council,112893718
674,away,112837472
675,includes,112466751
676,track,112385243
677,australia,112197265
678,discussion,111973466
679,archive,111971865
680,once,111882023
681,others,111397714
682,entertainment,111394818
683,agreement,111356320
684,format,111279626
685,least,111229798
686,society,111199035
687,months,111192257
688,log,111170350
689,safety,111064464
690,friends,110732827
691,sure,110528740
692,faq,110323671
693,trade,110086585
694,edition,110051463
695,cars,109717836
696,messages,109697600
697,marketing,109596213
698,tell,109553730
699,further,109528141
700,updated,109504766
701,association,109416386
702,able,109389038
703,having,109360096
704,provides,109213691
705,david,109067044
706,fun,108389630
707,already,108324565
708,green,108287905
709,studies,108024858
710,close,107853068
711,common,107839275
712,drive,107799371
713,specific,107785779
714,several,107589584
715,gold,107497778
716,feb,107483376
717,living,107215961
718,sep,107145206
719,collection,107121885
720,called,106978150
721,short,106755242
722,arts,106466033
723,lot,106405208
724,ask,106400213
725,display,106342539
726,limited,106154969
727,powered,106119933
728,solutions,106103720
729,means,105946662
730,director,105891641
731,daily,105837757
732,beach,105642682
733,past,105625616
734,natural,105101771
735,whether,105014961
736,due,104908310
737,et,104251062
738,electronics,104230315
739,five,104165769
740,upon,103921220
741,period,103906182
742,planning,103878661
743,database,103731642
744,says,103697915
745,official,103521037
746,weather,103331913
747,mar,103203080
748,land,103132933
749,average,102837602
750,done,102812628
751,technical,102792861
752,window,102711715
753,france,102698139
754,pro,102580860
755,region,102552342
756,island,102316998
757,record,102234743
758,direct,102234090
759,microsoft,102159580
760,conference,101987691
761,environment,101959294
762,records,101771329
763,st,101338951
764,district,101325723
765,calendar,101303808
766,costs,101090970
767,style,101024266
768,url,100907064
769,front,100886343
770,statement,100868970
771,update,100765188
772,parts,100637505
773,aug,100502612
774,ever,100264634
775,downloads,100237452
776,early,100013194
777,miles,100012522
778,sound,100010833
779,resource,99964083
780,present,99420744
781,applications,99324182
782,either,99143011
783,ago,98839705
784,document,98703772
785,word,98671341
786,works,98581698
787,material,98528318
788,bill,98494166
789,apr,98081439
790,written,98056850
791,talk,97850837
792,federal,97837595
793,hosting,97747750
794,rules,97658641
795,final,97649084
796,adult,97583096
797,tickets,97561755
798,thing,97451660
799,centre,97258243
800,requirements,97233632
801,via,97167128
802,cheap,97049762
803,nude,96733793
804,kids,96602880
805,finance,96554164
806,true,96269550
807,minutes,96242209
808,else,96020036
809,mark,95606752
810,third,95489240
811,rock,95488543
812,gifts,95412416
813,europe,95373445
814,reading,95289449
815,topics,95132338
816,bad,95096787
817,individual,94815082
818,tips,94800899
819,plus,94730251
820,auto,94700371
821,cover,94501729
822,usually,94477370
823,edit,94159529
824,together,94113765
825,videos,94069113
826,percent,94036312
827,fast,93941472
828,function,93878887
829,fact,93807963
830,unit,93714361
831,getting,93483319
832,global,93450595
833,tech,93401669
834,meet,93275872
835,far,93061804
836,economic,93044306
837,en,92803600
838,player,92709785
839,projects,92603476
840,lyrics,92579731
841,often,92551460
842,subscribe,92456246
843,submit,92431559
844,germany,92151641
845,amount,92039679
846,watch,92006970
847,included,92002729
848,feel,91924001
849,though,91905891
850,bank,91559349
851,risk,91486135
852,thanks,91398411
853,everything,91388083
854,deals,91189968
855,various,91156139
856,words,90910143
857,linux,90854231
858,jul,90810423
859,production,90612739
860,commercial,90554932
861,james,90535679
862,weight,90506560
863,town,90478880
864,heart,90249265
865,advertising,90210309
866,received,90037485
867,choose,90010174
868,treatment,90001988
869,newsletter,89828494
870,archives,89826560
871,points,89780234
872,knowledge,89749339
873,magazine,89744012
874,error,89396475
875,camera,89324930
876,jun,89154690
877,girl,89139125
878,currently,89075990
879,construction,88770071
880,toys,88712797
881,registered,88506935
882,clear,88447610
883,golf,88332962
884,receive,88328938
885,domain,88097391
886,methods,87897688
887,chapter,87882874
888,makes,87829598
889,protection,87824220
890,policies,87791839
891,loan,87785549
892,wide,87661475
893,beauty,87572240
894,manager,87441704
895,india,87391857
896,position,87139187
897,taken,87019836
898,sort,86985936
899,listings,86808185
900,models,86573186
901,michael,86527408
902,known,86395556
903,half,86290420
904,cases,86255673
905,step,86147277
906,engineering,85964618
907,florida,85775901
908,simple,85617922
909,quick,85584600
910,none,85523201
911,wireless,85333514
912,license,85326896
913,paul,85262640
914,friday,85245033
915,lake,85241485
916,whole,85202530
917,annual,85043687
918,published,84923632
919,later,84857974
920,basic,84840226
921,sony,84808711
922,shows,84804638
923,corporate,84697675
924,google,84568679
925,church,84556943
926,method,84399520
927,purchase,84333183
928,customers,84317690
929,active,84084764
930,response,84065293
931,practice,84037810
932,hardware,84002445
933,figure,83949754
934,materials,83901920
935,fire,83845349
936,holiday,83671730
937,chat,83625620
938,enough,83592616
939,designed,83559486
940,along,83444756
941,among,83431590
942,death,83216831
943,writing,83166717
944,speed,83135749
945,html,83094022
946,countries,83082522
947,loss,83015916
948,face,82807978
949,brand,82807581
950,discount,82646962
951,higher,82515596
952,effects,82399410
953,created,82342853
954,remember,82222044
955,standards,82179578
956,oil,82178167
957,bit,82113875
958,yellow,82024459
959,political,82021775
960,increase,81983061
961,advertise,81965610
962,kingdom,81913366
963,base,81894680
964,near,81652767
965,environmental,81596309
966,thought,81561217
967,stuff,81444510
968,french,81396759
969,storage,81320471
970,oh,81258789
971,japan,81110725
972,doing,80821946
973,loans,80821333
974,shoes,80755612
975,entry,80717798
976,stay,80694073
977,nature,80659036
978,orders,80605361
979,availability,80583907
980,africa,80566883
981,summary,80526622
982,turn,80328029
983,mean,80312172
984,growth,79998480
985,notes,79958318
986,agency,79915539
987,king,79791224
988,monday,79697206
989,european,79665774
990,activity,79633609
991,copy,79615682
992,although,79579407
993,drug,79424420
994,pics,79323162
995,western,79255339
996,income,79240506
997,force,79199815
998,cash,79172952
999,employment,79105156
1000,overall,78992643
1001,bay,78967124
1002,river,78843808
1003,commission,78817488
1004,ad,78774169
1005,package,78421168
1006,contents,78365831
1007,seen,78365291
1008,players,78292986
1009,engine,78078059
1010,port,78051775
1011,album,77914316
1012,regional,77752808
1013,stop,77749471
1014,supplies,77574804
1015,started,77515342
1016,administration,77515175
1017,bar,77375075
1018,institute,77353032
1019,views,77333335
1020,plans,77295630
1021,double,77287578
1022,dog,77271631
1023,build,77203075
1024,screen,77183863
1025,exchange,77079447
1026,types,77070740
1027,soon,77038135
1028,sponsored,76855129
1029,lines,76806341
1030,electronic,76707502
1031,continue,76659163
1032,across,76597151
1033,benefits,76580951
1034,needed,76528079
1035,season,76445684
1036,apply,76341478
1037,someone,76212141
1038,held,76100888
1039,ny,75993177
1040,anything,75985266
1041,printer,75976795
1042,condition,75963033
1043,effective,75960822
1044,believe,75918053
1045,organization,75604082
1046,effect,75594829
1047,asked,75532722
1048,eur,75480922
1049,mind,75393868
1050,sunday,75287070
1051,selection,75196717
1052,casino,74796251
1053,pdf,74773048
1054,lost,74748656
1055,tour,74702459
1056,menu,74359141
1057,volume,74283471
1058,cross,74230978
1059,anyone,74170036
1060,mortgage,74160962
1061,hope,74145758
1062,silver,74073467
1063,corporation,74073375
1064,wish,74043644
1065,inside,74026748
1066,solution,74000589
1067,mature,73877124
1068,role,73689002
1069,rather,73664932
1070,weeks,73571749
1071,addition,73434482
1072,came,73286694
1073,supply,73220509
1074,nothing,73183983
1075,certain,73108213
1076,usr,73064522
1077,executive,73010727
1078,running,72879426
1079,lower,72606927
1080,necessary,72604405
1081,union,72603888
1082,jewelry,72576719
1083,according,72553085
1084,dc,72528782
1085,clothing,72455943
1086,mon,72427611
1087,com,72285198
1088,particular,72056920
1089,fine,71972425
1090,names,71918906
1091,robert,71829013
1092,homepage,71814690
1093,hour,71765763
1094,gas,71518871
1095,skills,71383598
1096,six,71366336
1097,bush,71289039
1098,islands,71269325
1099,advice,71268723
1100,career,71248807
1101,military,71229404
1102,rental,71013577
1103,decision,71006471
1104,leave,70957750
1105,british,70912501
1106,teens,70859771
1107,pre,70832130
1108,huge,70639535
1109,sat,70639358
1110,woman,70613606
1111,facilities,70595127
1112,zip,70551270
1113,bid,70427114
1114,kind,70420316
1115,sellers,70277573
1116,middle,70164946
1117,move,70113140
1118,cable,70082598
1119,opportunities,70033623
1120,taking,69997427
1121,values,69946284
1122,division,69921273
1123,coming,69889118
1124,tuesday,69843013
1125,object,69819261
1126,lesbian,69734771
1127,appropriate,69671201
1128,machine,69665958
1129,logo,69529976
1130,length,69469598
1131,actually,69444655
1132,nice,69395609
1133,score,69315004
1134,statistics,69194446
1135,client,69189527
1136,ok,69066566
1137,returns,69062618
1138,capital,68991999
1139,follow,68982994
1140,sample,68957421
1141,investment,68891129
1142,sent,68854520
1143,shown,68755779
1144,saturday,68687814
1145,christmas,68648778
1146,england,68620426
1147,culture,68606429
1148,band,68569061
1149,flash,68391647
1150,ms,68359455
1151,lead,68325439
1152,george,68261971
1153,choice,68222335
1154,went,68130142
1155,starting,68080206
1156,registration,68025615
1157,fri,67934088
1158,thursday,67751544
1159,courses,67731716
1160,consumer,67665809
1161,hi,67566273
1162,airport,67473261
1163,foreign,67443436
1164,artist,67421654
1165,outside,67415846
1166,furniture,67398005
1167,levels,67360843
1168,channel,67352673
1169,letter,67339854
1170,mode,67315364
1171,phones,67311992
1172,ideas,67309657
1173,wednesday,67213031
1174,structure,67191517
1175,fund,67128807
1176,summer,67102388
1177,allow,67052567
1178,degree,67029686
1179,contract,66895933
1180,button,66811153
1181,releases,66809477
1182,wed,66796198
1183,homes,66753480
1184,super,66703287
1185,male,66638842
1186,matter,66632805
1187,custom,66594716
1188,virginia,66581052
1189,almost,66395121
1190,took,66297175
1191,located,66249627
1192,multiple,66171358
1193,asian,66078353
1194,distribution,66074142
1195,editor,66014490
1196,inn,66007529
1197,industrial,65921648
1198,cause,65904680
1199,potential,65835469
1200,song,65832126
1201,cnet,65803333
1202,ltd,65747979
1203,los,65682137
1204,hp,65635495
1205,focus,65626732
1206,late,65574606
1207,fall,65501110
1208,featured,65473127
1209,idea,65459222
1210,rooms,65453403
1211,female,65407567
1212,responsible,65319659
1213,inc,65312988
1214,communications,65305536
1215,win,65264239
1216,associated,65218530
1217,thomas,65173823
1218,primary,65139325
1219,cancer,65078084
1220,numbers,65077140
1221,reason,65066679
1222,tool,65009731
1223,browser,64824987
1224,spring,64814116
1225,foundation,64753514
1226,answer,64649558
1227,voice,64600528
1228,eg,64596001
1229,friendly,64542291
1230,schedule,64504515
1231,documents,64437323
1232,communication,64378554
1233,purpose,64314952
1234,feature,64288914
1235,bed,64262881
1236,comes,64256803
1237,police,64198152
1238,everyone,64197954
1239,independent,64169624
1240,ip,64162886
1241,approach,64158347
1242,cameras,64153502
1243,brown,64112042
1244,physical,64090052
1245,operating,64046921
1246,hill,64008398
1247,maps,63947745
1248,medicine,63831932
1249,deal,63828244
1250,hold,63777575
1251,ratings,63776951
1252,chicago,63754684
1253,forms,63561604
1254,glass,63559754
1255,happy,63471922
1256,tue,63387982
1257,smith,63357901
1258,wanted,63301836
1259,developed,63250401
1260,thank,63234550
1261,safe,63168116
1262,unique,63116899
1263,survey,62994830
1264,prior,62949059
1265,telephone,62896274
1266,sport,62683851
1267,ready,62667516
1268,feed,62663785
1269,animal,62566660
1270,sources,62557801
1271,mexico,62544255
1272,population,62452044
1273,pa,62377151
1274,regular,62308697
1275,secure,62287766
1276,navigation,62202958
1277,operations,62143782
1278,therefore,62082477
1279,ass,62060498
1280,simply,62012991
1281,evidence,62012277
1282,station,61892291
1283,christian,61873074
1284,round,61836702
1285,paypal,61830613
1286,favorite,61781016
1287,understand,61719969
1288,option,61717435
1289,master,61704297
1290,valley,61694845
1291,recently,61635402
1292,probably,61626696
1293,thu,61622542
1294,rentals,61539280
1295,sea,61532852
1296,built,61502894
1297,publications,61502285
1298,blood,61348302
1299,cut,61337417
1300,worldwide,61319870
1301,improve,61305614
1302,connection,61302455
1303,publisher,61290306
1304,hall,61265768
1305,larger,61265757
1306,anti,61227238
1307,networks,61073308
1308,earth,61059905
1309,parents,61036269
1310,nokia,61035236
1311,impact,61017528
1312,transfer,61011470
1313,introduction,61004175
1314,kitchen,60975784
1315,strong,60969207
1316,tel,60827708
1317,carolina,60817800
1318,wedding,60758332
1319,properties,60747209
1320,hospital,60720801
1321,ground,60679179
1322,overview,60666200
1323,ship,60649546
1324,accommodation,60589803
1325,owners,60580709
1326,disease,60540973
1327,tx,60436467
1328,excellent,60316327
1329,paid,60294928
1330,italy,60280461
1331,perfect,60179071
1332,hair,60054650
1333,opportunity,60033252
1334,battery,60000000
1335,temperature,60000000
1336,alert,60000000
1337,degrees,60000000
1338,mesh,60000000
1339,node,60000000
1340,gateway,60000000
1341,voltage,60000000
1342,rescue,60000000
1343,flood,60000000
1344,sensor,60000000
1345,antenna,60000000
1346,shelter,60000000
1347,humidity,60000000
1348,hazard,60000000
1349,latitude,60000000
1350,ping,60000000
1351,dispatch,60000000
1352,firmware,60000000
1353,longitude,60000000
1354,altitude,60000000
1355,ambulance,60000000
1356,topology,60000000
1357,reboot,60000000
1358,ack,60000000
1359,sos,60000000
1360,evacuation,60000000
1361,snr,60000000
1362,uptime,60000000
1363,outage,60000000
1364,responder,60000000
1365,lora,60000000
1366,rssi,60000000
1367,kit,59963349
1368,classic,59957722
1369,basis,59901425
1370,command,59870370
1371,cities,59809444
1372,william,59804374
1373,express,59797675
1374,anal,59776241
1375,award,59652161
1376,distance,59651113
1377,tree,59622952
1378,peter,59541743
1379,assessment,59513100
1380,ensure,59507606
1381,thus,59447388
1382,wall,59430375
1383,ie,59425745
1384,involved,59408103
1385,el,59377718
1386,extra,59377307
1387,especially,59336380
1388,interface,59307904
1389,pussy,59206591
1390,partners,59137995
1391,budget,59106421
1392,rated,59102029
1393,guides,59094266
1394,success,58986603
1395,maximum,58933430
1396,ma,58908038
1397,operation,58855769
1398,existing,58803077
1399,quite,58777731
1400,selected,58668257
1401,boy,58664244
1402,amazon,58657636
1403,patients,58656286
1404,restaurants,58579604
1405,beautiful,58503804
1406,warning,58498692
1407,wine,58491725
1408,locations,58470987
1409,horse,58453720
1410,vote,58387028
1411,forward,58382492
1412,flowers,58374976
1413,stars,58352743
1414,significant,58338630
1415,lists,58249254
1416,technologies,58222418
1417,owner,58189056
1418,retail,58185466
1419,animals,58178554
1420,useful,58144584
1421,directly,58144287
1422,manufacturer,58125159
1423,ways,58114465
1424,est,58112143
1425,son,58094311
1426,providing,57957650
1427,rule,57912422
1428,mac,57875961
1429,housing,57790060
1430,takes,57784233
1431,iii,57697189
1432,gmt,57610397
1433,bring,57608074
1434,catalog,57567413
1435,searches,57491372
1436,max,57481472
1437,trying,57462639
1438,mother,57432704
1439,authority,57403313
1440,considered,57378298
1441,told,57248600
1442,xml,57241749
1443,traffic,57241247
1444,programme,57212448
1445,joined,57202778
1446,input,57191675
1447,strategy,57170155
1448,feet,57146840
1449,agent,57103658
1450,valid,57094711
1451,bin,57076312
1452,modern,57030009
1453,senior,56934903
1454,ireland,56804611
1455,sexy,56756180
1456,teaching,56677377
1457,door,56638839
1458,grand,56599468
1459,testing,56564005
1460,trial,56547673
1461,charge,56542418
1462,units,56512308
1463,instead,56499843
1464,canadian,56492789
1465,cool,56471180
1466,normal,56442762
1467,wrote,56421594
1468,enterprise,56414984
1469,ships,56365355
1470,entire,56284017
1471,educational,56282937
1472,md,56253287
1473,leading,56201501
1474,metal,56181783
1475,positive,56132270
1476,fl,56095954
1477,fitness,56063953
1478,chinese,56057597
1479,opinion,56038634
1480,mb,56034110
1481,asia,55979169
1482,football,55972678
1483,abstract,55951880
1484,uses,55842334
1485,output,55819696
1486,funds,55721876
1487,mr,55692230
1488,greater,55673859
1489,likely,55669441
1490,develop,55611036
1491,employees,55523958
1492,artists,55504730
1493,alternative,55502123
1494,processing,55486868
1495,responsibility,55448425
1496,resolution,55429399
1497,java,55360149
1498,guest,55293215
1499,seems,55276661
1500,publication,55199085
1501,pass,55189682
1502,relations,55180611
1503,trust,55157142
1504,van,55147325
1505,contains,55145932
1506,session,55143498
1507,multi,55131463
1508,photography,55083965
1509,republic,55051644
1510,fees,54965019
1511,components,54964736
1512,vacation,54946412
1513,century,54929645
1514,academic,54886061
1515,assistance,54831021
1516,completed,54810628
1517,skin,54789622
1518,graphics,54781266
1519,indian,54646045
1520,prev,54576595
1521,ads,54513834
1522,mary,54418499
1523,il,54379896
1524,expected,54346724
1525,ring,54342432
1526,grade,54275130
1527,dating,54274405
1528,pacific,54257643
1529,mountain,54170529
1530,organizations,54146984
1531,pop,54140138
1532,filter,54106694
1533,mailing,54096391
1534,vehicle,54079229
1535,longer,54063969
1536,consider,54062139
1537,int,54000221
1538,northern,53876176
1539,behind,53824933
1540,panel,53784382
1541,floor,53759851
1542,german,53710784
1543,buying,53534781
1544,match,53532481
1545,proposed,53512775
1546,default,53511683
1547,require,53495303
1548,iraq,53491312
1549,boys,53464587
1550,outdoor,53462150
1551,deep,53447410
1552,morning,53444032
1553,otherwise,53406486
1554,allows,53352976
1555,rest,53312008
1556,protein,53253798
1557,plant,53247607
1558,reported,53189294
1559,hit,53171478
1560,transportation,53122840
1561,mm,53083729
1562,pool,53046994
1563,mini,53025248
1564,politics,53007762
1565,partner,52979810
1566,disclaimer,52917604
1567,authors,52891750
1568,boards,52877471
1569,faculty,52815755
1570,parties,52799552
1571,fish,52756224
1572,membership,52738089
1573,mission,52716319
1574,eye,52688696
1575,string,52681344
1576,sense,52629633
1577,modified,52557860
1578,pack,52556205
1579,released,52546300
1580,stage,52518330
1581,internal,52515245
1582,goods,52507183
1583,recommended,52496488
1584,born,52452012
1585,unless,52436419
1586,richard,52423381
1587,detailed,52396856
1588,japanese,52320953
1589,race,52297214
1590,approved,52215969
1591,background,52214134
1592,target,52199865
1593,except,52183597
1594,character,52028227
1595,usb,52008297
1596,maintenance,52006621
1597,ability,52004289
1598,maybe,51895609
1599,functions,51816428
1600,ed,51788932
1601,moving,51765877
1602,brands,51697361
1603,places,51696304
1604,php,51652407
1605,pretty,51621090
1606,trademarks,51590807
1607,phentermine,51577196
1608,spain,51553238
1609,southern,51536707
1610,yourself,51531914
1611,etc,51525815
1612,winter,51483174
1613,rape,51454053
1614,youth,51426255
1615,pressure,51407261
1616,submitted,51387515
1617,boston,51387258
1618,incest,51357793
1619,debt,51349877
1620,keywords,51331999
1621,medium,51330557
1622,television,51304347
1623,interested,51282170
1624,core,51244541
1625,break,51242970
1626,purposes,51223290
1627,throughout,51160616
1628,sets,51156220
1629,dance,51147967
1630,wood,51130555
1631,msn,51090757
1632,itself,51076716
1633,defined,51033173
1634,papers,51024682
1635,playing,51019438
1636,awards,50973666
1637,fee,50931988
1638,studio,50913495
1639,reader,50887864
1640,virtual,50843671
1641,device,50819909
1642,established,50818165
1643,answers,50800782
1644,rent,50767076
1645,las,50701997
1646,remote,50683428
1647,dark,50669807
1648,programming,50630393
1649,external,50604732
1650,apple,50551171
1651,le,50474760
1652,regarding,50409715
1653,instructions,50405472
1654,min,50389892
1655,offered,50347350
1656,theory,50276653
1657,enjoy,50141455
1658,remove,50036200
1659,aid,50022454
1660,surface,50022259
1661,minimum,50001652
1662,0,50000000
1663,1,49999999
1664,2,49999998
1665,3,49999997
1666,4,49999996
1667,5,49999995
1668,6,49999994
1669,7,49999993
1670,8,49999992
1671,9,49999991
1672,10,49999990
1673,11,49999989
1674,12,49999988
1675,13,49999987
1676,14,49999986
1677,15,49999985
1678,16,49999984
1679,17,49999983
1680,18,49999982
1681,19,49999981
1682,20,49999980
1683,21,49999979
1684,22,49999978
1685,23,49999977
1686,24,49999976
1687,25,49999975
1688,26,49999974
1689,27,49999973
1690,28,49999972
1691,29,49999971
1692,30,49999970
1693,31,49999969
1694,32,49999968
1695,33,49999967
1696,34,49999966
1697,35,49999965
1698,36,49999964
1699,37,49999963
1700,38,49999962
1701,39,49999961
1702,40,49999960
1703,41,49999959
1704,42,49999958
1705,43,49999957
1706,44,49999956
1707,45,49999955
1708,46,49999954
1709,47,49999953
1710,48,49999952
1711,49,49999951
1712,50,49999950
1713,51,49999949
1714,52,49999948
1715,53,49999947
1716,54,49999946
1717,55,49999945
1718,56,49999944
1719,57,49999943
1720,58,49999942
1721,59,49999941
1722,60,49999940
1723,61,49999939
1724,62,49999938
1725,63,49999937
1726,64,49999936
1727,65,49999935
1728,66,49999934
1729,67,49999933
1730,68,49999932
1731,69,49999931
1732,70,49999930
1733,71,49999929
1734,72,49999928
1735,73,49999927
1736,74,49999926
1737,75,49999925
1738,76,49999924
1739,77,49999923
1740,78,49999922
1741,79,49999921
1742,80,49999920
1743,81,49999919
1744,82,49999918
1745,83,49999917
1746,84,49999916
1747,85,49999915
1748,86,49999914
1749,87,49999913
1750,88,49999912
1751,89,49999911
1752,90,49999910
1753,91,49999909
1754,92,49999908
1755,93,49999907
1756,94,49999906
1757,95,49999905
1758,96,49999904
1759,97,49999903
1760,98,49999902
1761,99,49999901
1762,100,49999900
1763,visual,49969150
1764,host,49918570
1765,variety,49844591
1766,teachers,49832283
1767,isbn,49747608
1768,martin,49699093
1769,manual,49698346
1770,block,49694725
1771,subjects,49574004
1772,agents,49551303
1773,increased,49547349
1774,repair,49513286
1775,fair,49510931
1776,civil,49495349
1777,steel,49452604
1778,understanding,49391366
1779,songs,49272598
1780,fixed,49215402
1781,wrong,49156828
1782,beginning,49148844
1783,hands,49087727
1784,associates,49020998
1785,finally,48999091
1786,az,48985772
1787,updates,48858672
1788,desktop,48850257
1789,classes,48836974
1790,paris,48831449
1791,ohio,48812305
1792,gets,48807490
1793,sector,48746882
1794,capacity,48726947
1795,requires,48668931
1796,jersey,48658750
1797,un,48651550
1798,fat,48646296
1799,fully,48616832
1800,father,48580528
1801,electric,48562078
1802,saw,48544776
1803,instruments,48492757
1804,quotes,48490497
1805,officer,48483165
1806,driver,48463463
1807,businesses,48419913
1808,dead,48384167
1809,respect,48329678
1810,unknown,48325930
1811,specified,48284665
1812,restaurant,48255033
1813,mike,48202721
1814,trip,48175593
1815,pst,48137341
1816,worth,48075237
1817,mi,48073394
1818,procedures,48063184
1819,poor,48053008
1820,teacher,48002944
1821,xxx,47989278
1822,eyes,47975295
1823,relationship,47959756
1824,workers,47954144
1825,farm,47934860
1826,fucking,47911964
1827,georgia,47898290
1828,peace,47856201
1829,traditional,47847595
1830,campus,47827531
1831,tom,47775300
1832,showing,47745287
1833,creative,47737474
1834,coast,47716394
1835,benefit,47703520
1836,progress,47674782
1837,funding,47661725
1838,devices,47613452
1839,lord,47612536
1840,grant,47609624
1841,sub,47588521
1842,agree,47500911
1843,fiction,47449450
1844,hear,47426506
1845,sometimes,47402973
1846,watches,47364531
1847,careers,47344388
1848,beyond,47315243
1849,goes,47278206
1850,families,47251104
1851,led,47211631
1852,museum,47195123
1853,themselves,47176048
1854,fan,47045446
1855,transport,47041301
1856,interesting,46983244
1857,blogs,46978262
1858,wife,46946408
1859,evaluation,46929581
1860,accepted,46922000
1861,former,46917563
1862,implementation,46914652
1863,ten,46907473
1864,hits,46901429
1865,zone,46897368
1866,complex,46865979
1867,th,46857152
1868,cat,46839855
1869,galleries,46800115
1870,references,46748380
1871,die,46745446
1872,presented,46729648
1873,jack,46728329
1874,flat,46688059
1875,flow,46684251
1876,agencies,46610382
1877,literature,46607011
1878,respective,46528775
1879,parent,46516265
1880,spanish,46482449
1881,michigan,46437105
1882,columbia,46367780
1883,setting,46347305
1884,dr,46346026
1885,scale,46307526
1886,stand,46292709
1887,economy,46236766
1888,highest,46234721
1889,helpful,46208737
1890,monthly,46198876
1891,critical,46136062
1892,frame,46079991
1893,musical,46057216
1894,definition,46017042
1895,secretary,46013973
1896,angeles,45983826
1897,networking,45918427
1898,path,45905830
1899,australian,45733685
1900,employee,45719822
1901,chief,45699591
1902,gives,45649146
1903,kb,45638167
1904,bottom,45598411
1905,magazines,45575150
1906,packages,45541515
1907,detail,45494334
1908,francisco,45480506
1909,laws,45454173
1910,changed,45453557
1911,pet,45445524
1912,heard,45436523
1913,begin,45434902
1914,individuals,45432300
1915,colorado,45410185
1916,royal,45407189
1917,clean,45381752
1918,switch,45332755
1919,russian,45322858
1920,largest,45314848
1921,african,45314350
1922,guy,45286019
1923,titles,45271886
1924,relevant,45242119
1925,guidelines,45207269
1926,justice,45145293
1927,connect,45133501
1928,bible,45080741
1929,dev,45047619
1930,cup,45032014
1931,basket,45023597
1932,applied,44960208
1933,weekly,44953365
1934,vol,44946800
1935,installation,44936390
1936,described,44905064
1937,demand,44858110
1938,pp,44854981
1939,suite,44829675
1940,vegas,44810653
1941,na,44784650
1942,square,44784448
1943,chris,44754518
1944,attention,44752502
1945,advance,44738913
1946,skip,44681366
1947,diet,44674077
1948,army,44670729
1949,auction,44619724
1950,gear,44569745
1951,lee,44561701
1952,os,44556124
1953,difference,44546845
1954,allowed,44526131
1955,correct,44467948
1956,charles,44466066
1957,nation,44429644
1958,selling,44375770
1959,lots,44361090
1960,piece,44298807
1961,sheet,44295187
1962,firm,44244364
1963,seven,44224906
1964,older,44222089
1965,illinois,44214414
1966,regulations,44201358
1967,elements,44180185
1968,species,44159268
1969,jump,44137441
1970,cells,44128080
1971,module,44127294
1972,resort,44118980
1973,facility,44049643
1974,random,44038489
1975,pricing,44026683
1976,dvds,43997497
1977,certificate,43972925
1978,minister,43931892
1979,motion,43927084
1980,looks,43897035
1981,fashion,43883676
1982,directions,43874498
1983,visitors,43872888
1984,documentation,43872031
1985,monitor,43848202
1986,trading,43706094
1987,forest,43667070
1988,calls,43661633
1989,whose,43634263
1990,coverage,43621558
1991,couple,43578199
1992,giving,43506778
1993,chance,43461638
1994,vision,43425570
1995,ball,43399906
1996,ending,43310674
1997,clients,43278784
1998,actions,43258456
1999,listen,43252527
2000,discuss,43208309
2001,accept,43171429
2002,automotive,43128760
2003,naked,43110969
2004,goal,43074829
2005,successful,43041696
2006,sold,42979181
2007,wind,42974876
2008,communities,42969195
2009,clinical,42951421
2010,situation,42880250
2011,sciences,42871860
2012,markets,42867375
2013,lowest,42865965
2014,highly,42857273
2015,publishing,42809196
2016,appear,42801104
2017,emergency,42770237
2018,developing,42769271
2019,lives,42750046
2020,currency,42720398
2021,leather,42714053
2022,determine,42707469
2023,milf,42647845
2024,palm,42631203
2025,announcements,42578510
2026,patient,42560499
2027,actual,42552937
2028,historical,42501329
2029,stone,42494931
2030,bob,42494016
2031,commerce,42459641
2032,ringtones,42455942
2033,perhaps,42450144
2034,persons,42436349
2035,difficult,42436311
2036,scientific,42415451
2037,satellite,42379243
2038,fit,42342802
2039,tests,42336117
2040,village,42335952
2041,accounts,42330284
2042,amateur,42265916
2043,ex,42259849
2044,met,42223443
2045,pain,42182798
2046,xbox,42163497
2047,particularly,42160203
2048,factors,42106512
2049,coffee,42086828
2050,www,42076566
2051,settings,42062854
2052,cum,42048929
2053,buyer,42024703
2054,cultural,42022443
2055,steve,41997245
2056,easily,41949287
2057,oral,41947093
2058,ford,41922237
2059,poster,41893537
2060,edge,41869418
2061,functional,41862937
2062,root,41835168
2063,au,41825348
2064,fi,41812484
2065,closed,41782645
2066,holidays,41730382
2067,ice,41706145
2068,pink,41704519
2069,zealand,41677373
2070,balance,41651718
2071,monitoring,41647453
2072,graduate,41645267
2073,replies,41628442
2074,shot,41614412
2075,nc,41537048
2076,architecture,41474428
2077,initial,41372877
2078,label,41359857
2079,thinking,41333371
2080,scott,41326573
2081,llc,41281263
2082,sec,41177555
2083,recommend,41146831
2084,canon,41144763
2085,hardcore,41125351
2086,league,41109010
2087,waste,41089558
2088,minute,41061449
2089,bus,41043865
2090,provider,40976633
2091,optional,40839022
2092,dictionary,40838300
2093,cold,40833613
2094,accounting,40819336
2095,manufacturing,40781457
2096,sections,40770979
2097,chair,40764005
2098,fishing,40730311
2099,effort,40728131
2100,phase,40722940
2101,fields,40697933
2102,bag,40671821
2103,fantasy,40666152
2104,po,40656645
2105,letters,40638766
2106,motor,40615655
2107,va,40591806
2108,professor,40572636
2109,context,40568409
2110,install,40502273
2111,shirt,40501964
2112,apparel,40498015
2113,generally,40435813
2114,continued,40414263
2115,foot,40401241
2116,mass,40364941
2117,crime,40361756
2118,count,40345803
2119,breast,40334099
2120,techniques,40278251
2121,ibm,40259661
2122,rd,40231948
2123,johnson,40200521
2124,sc,40185182
2125,quickly,40161558
2126,dollars,40136550
2127,websites,40127603
2128,religion,40095362
2129,claim,40085342
2130,driving,40033859
2131,permission,40032805
2132,surgery,40026119
2133,patch,39999745
2134,heat,39971542
2135,wild,39937252
2136,measures,39937049
2137,generation,39912229
2138,kansas,39910915
2139,miss,39897915
2140,chemical,39891285
2141,doctor,39845710
2142,task,39832721
2143,reduce,39830748
2144,brought,39794764
2145,himself,39757666
2146,nor,39753116
2147,component,39752354
2148,enable,39733007
2149,exercise,39699360
2150,bug,39672754
2151,santa,39664896
2152,mid,39610476
2153,guarantee,39603838
2154,leader,39591949
2155,diamond,39573067
2156,israel,39512059
2157,se,39483236
2158,processes,39450440
2159,soft,39440877
2160,servers,39329759
2161,alone,39326417
2162,meetings,39307643
2163,seconds,39304731
2164,jones,39297134
2165,arizona,39283012
2166,keyword,39244593
2167,interests,39238403
2168,flight,39229938
2169,congress,39186605
2170,fuel,39148291
2171,username,39130223
2172,walk,39129365
2173,fuck,39099536
2174,produced,39030637
2175,italian,39017017
2176,paperback,39015275
2177,classifieds,39014041
2178,wait,39001376
2179,supported,38989028
2180,pocket,38931224
2181,saint,38929141
2182,rose,38911531
2183,freedom,38909717
2184,argument,38902162
2185,competition,38886455
2186,creating,38863806
2187,jim,38854380
2188,drugs,38827156
2189,joint,38827057
2190,premium,38793313
2191,providers,38787600
2192,fresh,38781893
2193,characters,38778931
2194,attorney,38778191
2195,upgrade,38777600
2196,di,38771183
2197,factor,38740174
2198,growing,38729323
2199,thousands,38611137
2200,km,38605173
2201,stream,38592422
2202,apartments,38568257
2203,pick,38542153
2204,hearing,38521552
2205,eastern,38506956
2206,auctions,38496936
2207,therapy,38458400
2208,entries,38442247
2209,dates,38442243
2210,generated,38437769
2211,signed,38369963
2212,upper,38341510
2213,administrative,38339299
2214,serious,38316678
2215,prime,38308402
2216,samsung,38291353
2217,limit,38290292
2218,began,38269468
2219,louis,38259201
2220,steps,38254292
2221,errors,38243352
2222,shops,38241315
2223,bondage,38237169
2224,del,38223775
2225,efforts,38222553
2226,informed,38207430
2227,ga,38185755
2228,ac,38166598
2229,thoughts,38162958
2230,creek,38159464
2231,ft,38133521
2232,worked,38128226
2233,quantity,38123233
2234,urban,38087999
2235,practices,38010732
2236,sorted,38002278
2237,reporting,37995481
2238,essential,37987474
2239,myself,37983649
2240,tours,37957036
2241,platform,37930473
2242,load,37896224
2243,affiliate,37877419
2244,labor,37866418
2245,immediately,37857880
2246,admin,37835381
2247,nursing,37822746
2248,defense,37819618
2249,machines,37786251
2250,designated,37777117
2251,tags,37732409
2252,heavy,37668153
2253,covered,37662109
2254,recovery,37644829
2255,joe,37642746
2256,guys,37603892
2257,integrated,37600088
2258,configuration,37589833
2259,cock,37573028
2260,merchant,37569902
2261,comprehensive,37544399
2262,expert,37537204
2263,universal,37493474
2264,protect,37455957
2265,drop,37433033
2266,solid,37426444
2267,cds,37396357
2268,presentation,37387206
2269,languages,37376019
2270,became,37332761
2271,orange,37316112
2272,compliance,37305612
2273,vehicles,37254344
2274,prevent,37247684
2275,theme,37219937
2276,rich,37200952
2277,im,37166923
2278,campaign,37150011
2279,marine,37143112
2280,improvement,37133738
2281,vs,37115369
2282,guitar,37106331
2283,finding,37102510
2284,pennsylvania,37039579
2285,examples,37025517
2286,ipod,36985229
2287,saying,36981573
2288,spirit,36971683
2289,ar,36946912
2290,claims,36942635
2291,porno,36925475
2292,challenge,36918321
2293,motorola,36918315
2294,acceptance,36864919
2295,strategies,36860865
2296,mo,36853656
2297,seem,36852843
2298,affairs,36831853
2299,touch,36831035
2300,intended,36830419
2301,towards,36798662
2302,sa,36769721
2303,goals,36766773
2304,hire,36743717
2305,election,36728229
2306,suggest,36726336
2307,branch,36712083
2308,charges,36710704
2309,serve,36697856
2310,affiliates,36686155
2311,reasons,36685859
2312,magic,36676771
2313,mount,36648260
2314,smart,36636558
2315,talking,36617848
2316,gave,36576222
2317,ones,36558085
2318,latin,36548259
2319,multimedia,36522534
2320,xp,36521289
2321,tits,36514211
2322,avoid,36508203
2323,certified,36493381
2324,manage,36439435
2325,corner,36419737
2326,rank,36408196
2327,computing,36381081
2328,oregon,36353838
2329,element,36306394
2330,birth,36286070
2331,virus,36286003
2332,abuse,36269685
2333,interactive,36253355
2334,requests,36239839
2335,separate,36138447
2336,quarter,36134893
2337,procedure,36129804
2338,leadership,36108608
2339,tables,36089541
2340,define,36087006
2341,racing,36079737
2342,religious,36046200
2343,facts,36041603
2344,breakfast,35991312
2345,kong,35989160
2346,column,35986621
2347,plants,35937825
2348,faith,35936559
2349,chain,35928367
2350,developer,35890230
2351,identify,35854119
2352,avenue,35847733
2353,missing,35813046
2354,died,35803272
2355,approximately,35797333
2356,domestic,35724637
2357,sitemap,35722454
2358,recommendations,35722416
2359,moved,35713495
2360,houston,35697100
2361,reach,35687918
2362,comparison,35683256
2363,mental,35674270
2364,viewed,35666896
2365,moment,35660913
2366,extended,35651592
2367,sequence,35643482
2368,inch,35629597
2369,attack,35599513
2370,sorry,35595812
2371,centers,35590976
2372,opening,35538225
2373,damage,35529909
2374,lab,35525966
2375,reserve,35516087
2376,recipes,35473417
2377,cvs,35441636
2378,gamma,35426622
2379,plastic,35421202
2380,produce,35383071
2381,snow,35358852
2382,placed,35347899
2383,truth,35345925
2384,counter,35345740
2385,failure,35343900
2386,follows,35327869
2387,eu,35326689
2388,weekend,35287380
2389,dollar,35275336
2390,camp,35255018
2391,ontario,35233760
2392,automatically,35225937
2393,des,35219152
2394,minnesota,35206660
2395,films,35200065
2396,bridge,35180146
2397,native,35160636
2398,fill,35148024
2399,williams,35123723
2400,movement,35105385
2401,printing,35080589
2402,baseball,35068361
2403,owned,35050234
2404,approval,35046541
2405,draft,35033621
2406,chart,35027490
2407,played,34970056
2408,contacts,34965494
2409,cc,34944653
2410,jesus,34929061
2411,readers,34912487
2412,clubs,34881779
2413,lcd,34879794
2414,wa,34865016
2415,jackson,34861007
2416,equal,34832354
2417,adventure,34807033
2418,matching,34803404
2419,offering,34799901
2420,shirts,34764071
2421,profit,34753530
2422,leaders,34742050
2423,posters,34729596
2424,institutions,34727059
2425,assistant,34719060
2426,variable,34715780
2427,ave,34706502
2428,dj,34689225
2429,advertisement,34681267
2430,expect,34675677
2431,parking,34672915
2432,headlines,34646214
2433,yesterday,34639311
2434,compared,34638205
2435,determined,34600925
2436,wholesale,34597350
2437,workshop,34531832
2438,russia,34513420
2439,gone,34511028
2440,codes,34503537
2441,kinds,34482138
2442,extension,34464199
2443,seattle,34427671
2444,statements,34416902
2445,golden,34416555
2446,completely,34385075
2447,teams,34383288
2448,fort,34358210
2449,cm,34312385
2450,wi,34305144
2451,lighting,34304870
2452,senate,34302775
2453,forces,34300503
2454,funny,34281806
2455,brother,34273892
2456,gene,34266155
2457,turned,34215128
2458,portable,34207743
2459,tried,34201786
2460,electrical,34176498
2461,applicable,34173309
2462,disc,34140094
2463,returned,34138333
2464,pattern,34124878
2465,ct,34123861
2466,hentai,34116380
2467,boat,34104031
2468,named,34099544
2469,theatre,34095301
2470,laser,34080740
2471,earlier,34079706
2472,manufacturers,34073462
2473,sponsor,33988132
2474,classical,33957503
2475,icon,33955393
2476,warranty,33921186
2477,dedicated,33916569
2478,indiana,33897228
2479,direction,33868571
2480,harry,33867934
2481,basketball,33848810
2482,objects,33845165
2483,ends,33798717
2484,delete,33766846
2485,evening,33705304
2486,assembly,33704254
2487,nuclear,33689967
2488,taxes,33674672
2489,mouse,33667003
2490,signal,33648212
2491,criminal,33646918
2492,issued,33644425
2493,brain,33612784
2494,sexual,33595660
2495,wisconsin,33592434
2496,powerful,33538932
2497,dream,33518573
2498,obtained,33486258
2499,false,33476460
2500,da,33450232
2501,cast,33395024
2502,flower,33364539
2503,felt,33321821
2504,personnel,33277887
2505,passed,33242084
2506,supplied,33239429
2507,identified,33222080
2508,falls,33213513
2509,pic,33210991
2510,soul,33173763
2511,aids,33155753
2512,opinions,33135354
2513,promote,33113081
2514,stated,33100777
2515,stats,33096627
2516,hawaii,33075697
2517,professionals,33070733
2518,appears,33068735
2519,carry,33056477
2520,flag,33050354
2521,decided,33030803
2522,nj,33014240
2523,covers,32972573
2524,hr,32969615
2525,em,32964905
2526,advantage,32963469
2527,hello,32960381
2528,designs,32955678
2529,maintain,32942067
2530,tourism,32925132
2531,priority,32917021
2532,newsletters,32868357
2533,adults,32847475
2534,clips,32846497
2535,savings,32817684
2536,iv,32807831
2537,graphic,32780694
2538,atom,32776867
2539,payments,32757146
2540,rw,32739652
2541,estimated,32731518
2542,binding,32603649
2543,brief,32599674
2544,ended,32588866
2545,winning,32570914
2546,eight,32567724
2547,anonymous,32563033
2548,iron,32552371
2549,straight,32551647
2550,script,32549924
2551,served,32541796
2552,wants,32538214
2553,miscellaneous,32502581
2554,prepared,32502271
2555,void,32491126
2556,dining,32489479
2557,integration,32462658
2558,atlanta,32440124
2559,dakota,32437534
2560,tag,32432108
2561,interview,32430752
2562,mix,32428241
2563,framework,32421841
2564,disk,32375647
2565,installed,32372686
2566,queen,32366847
2567,vhs,32362671
2568,credits,32341959
2569,clearly,32338676
2570,fix,32334055
2571,handle,32318665
2572,sweet,32311923
2573,desk,32311444
2574,criteria,32302695
2575,pubmed,32296902
2576,dave,32281596
2577,massachusetts,32270027
2578,diego,32238555
2579,hong,32225582
2580,vice,32220446
2581,associate,32217516
2582,ne,32142023
2583,truck,32136249
2584,behavior,32128221
2585,enlarge,32120976
2586,ray,32113994
2587,frequently,32113462
2588,revenue,32088216
2589,measure,32083783
2590,changing,32076618
2591,votes,32059663
2592,du,32025637
2593,duty,32011339
2594,looked,31988351
2595,discussions,31985694
2596,bear,31981362
2597,gain,31980198
2598,festival,31964569
2599,laboratory,31956885
2600,ocean,31928741
2601,flights,31927886
2602,experts,31923825
2603,signs,31899467
2604,lack,31881925
2605,depth,31879926
2606,iowa,31875822
2607,whatever,31869767
2608,logged,31869263
2609,laptop,31851245
2610,vintage,31830831
2611,train,31816971
2612,exactly,31759653
2613,dry,31744277
2614,explore,31740200
2615,maryland,31715238
2616,spa,31714574
2617,concept,31681353
2618,nearly,31677743
2619,eligible,31666767
2620,checkout,31649089
2621,reality,31626554
2622,forgot,31626338
2623,handling,31623717
2624,origin,31602843
2625,knew,31598395
2626,gaming,31594394
2627,feeds,31593736
2628,billion,31586983
2629,destination,31563774
2630,scotland,31551032
2631,faster,31541236
2632,intelligence,31533328
2633,dallas,31528739
2634,bought,31501377
2635,con,31452344
2636,ups,31451966
2637,nations,31449713
2638,route,31439231
2639,followed,31437587
2640,specifications,31435888
2641,broken,31399439
2642,tripadvisor,31394750
2643,frank,31392284
2644,alaska,31388580
2645,zoom,31373629
2646,blow,31344495
2647,battle,31344458
2648,residential,31337029
2649,anime,31334688
2650,speak,31324712
2651,decisions,31321172
2652,industries,31316683
2653,protocol,31296886
2654,query,31284313
2655,clip,31264432
2656,partnership,31235192
2657,editorial,31234178
2658,nt,31198810
2659,expression,31179707
2660,es,31169475
2661,equity,31158626
2662,provisions,31126350
2663,speech,31119662
2664,wire,31113149
2665,principles,31050339
2666,suggestions,31029622
2667,rural,30998929
2668,shared,30988860
2669,sounds,30987278
2670,replacement,30981707
2671,tape,30941382
2672,strategic,30930763
2673,judge,30905832
2674,spam,30881361
2675,economics,30869591
2676,acid,30867887
2677,bytes,30848384
2678,cent,30836935
2679,forced,30835043
2680,compatible,30811666
2681,fight,30784313
2682,apartment,30771172
2683,height,30745406
2684,null,30739157
2685,zero,30735412
2686,speaker,30732820
2687,filed,30718907
2688,gb,30697884
2689,netherlands,30672254
2690,obtain,30672052
2691,bc,30670787
2692,consulting,30662624
2693,recreation,30662263
2694,offices,30646750
2695,designer,30641959
2696,remain,30630717
2697,managed,30602103
2698,pr,30599220
2699,failed,30596963
2700,marriage,30592140
2701,roll,30590349
2702,korea,30582894
2703,banks,30582183
2704,fr,30563000
2705,participants,30557763
2706,secret,30542047
2707,bath,30537308
2708,aa,30523331
2709,kelly,30510238
2710,leads,30507300
2711,negative,30504487
2712,austin,30477225
2713,favorites,30465854
2714,toronto,30462849
2715,theater,30446816
2716,springs,30429116
2717,missouri,30419845
2718,andrew,30403300
2719,var,30384128
2720,perform,30378944
2721,healthy,30360623
2722,translation,30346495
2723,estimates,30336472
2724,font,30327965
2725,assets,30302586
2726,injury,30291773
2727,mt,30286047
2728,joseph,30285903
2729,ministry,30275714
2730,drivers,30258628
2731,lawyer,30253229
2732,figures,30231772
2733,married,30202662
2734,protected,30198768
2735,proposal,30189304
2736,sharing,30181027
2737,philadelphia,30179898
2738,portal,30171660
2739,waiting,30170505
2740,birthday,30169763
2741,beta,30160524
2742,fail,30145364
2743,gratis,30144426
2744,banking,30095341
2745,officials,30068859
2746,brian,30060564
2747,toward,30024561
2748,won,29998103
2749,slightly,29994840
2750,assist,29963782
2751,conduct,29955541
2752,contained,29955043
2753,lingerie,29949923
2754,shemale,29948582
2755,legislation,29932251
2756,calling,29923380
2757,parameters,29922419
2758,jazz,29920842
2759,serving,29916558
2760,bags,29910659
2761,profiles,29909230
2762,miami,29904805
2763,comics,29900765
2764,matters,29896961
2765,houses,29896478
2766,doc,29867704
2767,postal,29859679
2768,relationships,29850322
2769,tennessee,29848404
2770,wear,29846762
2771,controls,29841307
2772,breaking,29841004
2773,combined,29840482
2774,ultimate,29825206
2775,wales,29821525
2776,representative,29810467
2777,frequency,29808486
2778,introduced,29783908
2779,minor,29782623
2780,finish,29769825
2781,departments,29768415
2782,residents,29765553
2783,noted,29754565
2784,displayed,29751963
2785,mom,29736214
2786,reduced,29726540
2787,physics,29724803
2788,rare,29722959
2789,spent,29719451
2790,performed,29714621
2791,extreme,29694906
2792,samples,29689694
2793,davis,29689352
2794,daniel,29680403
2795,bars,29674439
2796,reviewed,29665969
2797,row,29649598
2798,oz,29644419
2799,forecast,29637380
2800,removed,29610178
2801,helps,29607993
2802,singles,29594915
2803,administrator,29589707
2804,cycle,29585286
2805,amounts,29584436
2806,contain,29552509
2807,accuracy,29536020
2808,dual,29535368
2809,rise,29535295
2810,usd,29527576
2811,sleep,29491537
2812,mg,29456015
2813,bird,29437150
2814,pharmacy,29392223
2815,brazil,29390369
2816,creation,29390035
2817,static,29389905
2818,scene,29372413
2819,hunter,29368718
2820,addresses,29368459
2821,lady,29348297
2822,crystal,29344419
2823,famous,29332023
2824,writer,29320566
2825,chairman,29312635
2826,violence,29309829
2827,fans,29290170
2828,oklahoma,29277458
2829,speakers,29266983
2830,drink,29254937
2831,academy,29252165
2832,dynamic,29251538
2833,gender,29248973
2834,eat,29237400
2835,permanent,29217998
2836,agriculture,29217130
2837,dell,29215534
2838,cleaning,29202463
2839,constitutes,29158454
2840,portfolio,29149729
2841,practical,29138914
2842,delivered,29130416
2843,collectibles,29127157
2844,infrastructure,29090274
2845,exclusive,29069478
2846,seat,29066336
2847,concerns,29065609
2848,colour,29049269
2849,vendor,29029083
2850,originally,29016923
2851,intel,28995654
2852,utilities,28965893
2853,philosophy,28960643
2854,regulation,28958148
2855,officers,28955126
2856,reduction,28954254
2857,aim,28951240
2858,bids,28933427
2859,referred,28919199
2860,supports,28913894
2861,nutrition,28890368
2862,recording,28875301
2863,regions,28864370
2864,junior,28857539
2865,toll,28852223
2866,les,28848836
2867,cape,28846176
2868,ann,28832058
2869,rings,28827859
2870,meaning,28821231
2871,tip,28810209
2872,secondary,28805149
2873,wonderful,28796607
2874,mine,28795477
2875,ladies,28781917
2876,henry,28769085
2877,ticket,28767435
2878,announced,28744210
2879,guess,28743465
2880,agreed,28717540
2881,prevention,28681929
2882,whom,28678568
2883,ski,28663800
2884,soccer,28647229
2885,math,28631905
2886,import,28629840
2887,posting,28612921
2888,presence,28603257
2889,instant,28599930
2890,mentioned,28566238
2891,automatic,28551016
2892,healthcare,28529648
2893,viewing,28507347
2894,maintained,28492421
2895,ch,28470221
2896,increasing,28456941
2897,majority,28456588
2898,connected,28448231
2899,christ,28404515
2900,dan,28401202
2901,dogs,28400362
2902,sd,28394298
2903,directors,28389161
2904,aspects,28377709
2905,austria,28377245
2906,ahead,28375319
2907,moon,28374261
2908,participation,28366095
2909,scheme,28309089
2910,utility,28301196
2911,preview,28294286
2912,fly,28279478
2913,manner,28268864
2914,matrix,28268147
2915,containing,28254166
2916,combination,28247444
2917,devel,28152649
2918,amendment,28151500
2919,despite,28148989
2920,strength,28148438
2921,guaranteed,28133582
2922,turkey,28112986
2923,libraries,28103816
2924,proper,28099582
2925,distributed,28094905
2926,singapore,28089227
2927,enterprises,28076874
2928,delta,28051872
2929,fear,28042145
2930,seeking,28023068
2931,inches,28018680
2932,phoenix,28018518
2933,rs,28000422
2934,convention,27972282
2935,shares,27971096
2936,principal,27964123
2937,daughter,27936967
2938,standing,27936222
2939,voyeur,27928748
2940,comfort,27920566
2941,colors,27911017
2942,wars,27898180
2943,cisco,27894293
2944,ordering,27856930
2945,kept,27838368
2946,alpha,27832836
2947,appeal,27829479
2948,cruise,27827938
2949,bonus,27819488
2950,certification,27708503
2951,previously,27698634
2952,hey,27665343
2953,bookmark,27665146
2954,buildings,27623076
2955,specials,27620523
2956,beat,27616668
2957,disney,27557762
2958,household,27556777
2959,batteries,27541890
2960,adobe,27538755
2961,smoking,27526627
2962,bbc,27469485
2963,becomes,27462477
2964,drives,27442926
2965,arms,27432921
2966,alabama,27418375
2967,tea,27406794
2968,improved,27397478
2969,trees,27378116
2970,avg,27370055
2971,achieve,27332769
2972,positions,27322185
2973,dress,27318959
2974,subscription,27310399
2975,dealer,27299846
2976,contemporary,27284246
2977,sky,27281333
2978,utah,27270743
2979,nearby,27263100
2980,rom,27234302
2981,carried,27222494
2982,happen,27207887
2983,exposure,27204624
2984,panasonic,27173123
2985,hide,27157035
2986,permalink,27148418
2987,signature,27140993
2988,gambling,27118635
2989,refer,27099706
2990,miller,27092856
2991,provision,27091944
2992,outdoors,27060521
2993,clothes,27037465
2994,caused,27036899
2995,luxury,27020617
2996,babes,27016030
2997,frames,27007332
2998,viagra,26999671
2999,certainly,26984060
3000,indeed,26943016
3001,newspaper,26933746
3002,toy,26924831
3003,circuit,26917865
3004,layer,26912270
3005,printed,26887551
3006,slow,26870240
3007,removal,26864040
3008,easier,26857423
3009,src,26854451
3010,liability,26837967
3011,trademark,26835205
3012,hip,26826008
3013,printers,26821453
3014,faqs,26812968
3015,nine,26807668
3016,adding,26797775
3017,kentucky,26783017
3018,mostly,26774406
3019,eric,26767316
3020,spot,26750929
3021,taylor,26736684
3022,trackback,26734043
3023,prints,26721934
3024,spend,26713310
3025,factory,26708317
3026,interior,26708143
3027,revised,26702355
3028,grow,26701492
3029,americans,26666908
3030,optical,26665491
3031,promotion,26651461
3032,relative,26646324
3033,amazing,26630190
3034,clock,26624872
3035,dot,26590624
3036,hiv,26575486
3037,identity,26573512
3038,suites,26558524
3039,conversion,26551803
3040,feeling,26546473
3041,hidden,26526402
3042,reasonable,26526175
3043,victoria,26515985
3044,serial,26488381
3045,relief,26483302
3046,revision,26482328
3047,broadband,26476075
3048,influence,26460675
3049,ratio,26457942
3050,pda,26454587
3051,importance,26451992
3052,rain,26419979
3053,onto,26411439
3054,dsl,26407952
3055,planet,26405032
3056,webmaster,26382498
3057,copies,26369992
3058,recipe,26355769
3059,zum,26349274
3060,permit,26339544
3061,seeing,26322092
3062,proof,26305059
3063,dna,26290902
3064,diff,26283641
3065,tennis,26272328
3066,bass,26249677
3067,prescription,26233858
3068,bedroom,26229848
3069,empty,26206017
3070,instance,26204516
3071,hole,26199070
3072,pets,26153751
3073,ride,26153004
3074,licensed,26151610
3075,orlando,26117729
3076,specifically,26114063
3077,tim,26111466
3078,bureau,26110155
3079,maine,26049821
3080,sql,26047194
3081,represent,26038983
3082,conservation,26038344
3083,pair,26036703
3084,ideal,26036289
3085,specs,26029159
3086,recorded,26018548
3087,don,26003672
3088,pieces,26000545
3089,finished,25994841
3090,parks,25974927
3091,dinner,25974858
3092,lawyers,25959552
3093,sydney,25945245
3094,stress,25899885
3095,cream,25898758
3096,ss,25895791
3097,runs,25881512
3098,trends,25879894
3099,yeah,25858426
3100,discover,25852541
3101,sexo,25849932
3102,ap,25843002
3103,patterns,25809816
3104,boxes,25787744
3105,louisiana,25779604
3106,hills,25770218
3107,javascript,25766226
3108,fourth,25763406
3109,nm,25750788
3110,advisor,25719984
3111,mn,25715757
3112,marketplace,25710584
3113,nd,25707693
3114,evil,25704669
3115,aware,25700328
3116,wilson,25698434
3117,shape,25675227
3118,evolution,25667092
3119,irish,25658075
3120,certificates,25635619
3121,objectives,25630605
3122,stations,25600569
3123,suggested,25574902
3124,gps,25572809
3125,op,25572791
3126,remains,25560925
3127,acc,25554700
3128,greatest,25547808
3129,firms,25497302
3130,concerned,25490395
3131,euro,25474573
3132,operator,25471127
3133,structures,25465091
3134,generic,25464768
3135,encyclopedia,25451297
3136,usage,25440406
3137,cap,25436218
3138,ink,25435469
3139,charts,25433147
3140,continuing,25429464
3141,mixed,25395056
3142,census,25385152
3143,interracial,25379892
3144,peak,25379630
3145,tn,25378331
3146,competitive,25352330
3147,exist,25349128
3148,wheel,25342937
3149,transit,25331545
3150,dick,25327691
3151,suppliers,25324458
3152,salt,25320518
3153,compact,25317344
3154,poetry,25311298
3155,lights,25301005
3156,tracking,25294352
3157,angel,25294123
3158,bell,25283918
3159,keeping,25280309
3160,preparation,25268975
3161,attempt,25251906
3162,receiving,25243472
3163,matches,25196889
3164,accordance,25194680
3165,width,25182453
3166,noise,25171520
3167,engines,25166589
3168,forget,25162411
3169,array,25150016
3170,discussed,25146245
3171,accurate,25144477
3172,stephen,25139312
3173,elizabeth,25128258
3174,climate,25096136
3175,reservations,25091131
3176,pin,25080458
3177,playstation,25073147
3178,alcohol,25061615
3179,greek,25059132
3180,instruction,25055716
3181,managing,25054421
3182,annotation,25046812
3183,sister,25039506
3184,raw,25014172
3185,differences,25000614
3186,walking,24986228
3187,explain,24983915
3188,smaller,24982548
3189,newest,24970551
3190,establish,24965292
3191,gnu,24956702
3192,happened,24951096
3193,expressed,24944268
3194,jeff,24923108
3195,extent,24917355
3196,sharp,24904199
3197,lesbians,24903277
3198,ben,24884330
3199,lane,24880931
3200,paragraph,24855495
3201,kill,24850951
3202,mathematics,24809371
3203,aol,24798471
3204,compensation,24789716
3205,ce,24775497
3206,export,24762260
3207,managers,24756816
3208,aircraft,24745739
3209,modules,24737533
3210,sweden,24717337
3211,conflict,24709103
3212,conducted,24705091
3213,versions,24705033
3214,employer,24681017
3215,occur,24679212
3216,percentage,24669212
3217,knows,24640096
3218,mississippi,24629063
3219,describe,24616555
3220,concern,24611878
3221,backup,24603738
3222,requested,24572908
3223,citizens,24566687
3224,connecticut,24561468
3225,heritage,24558644
3226,personals,24544854
3227,immediate,24530419
3228,holding,24523968
3229,trouble,24521102
3230,spread,24520573
3231,coach,24514961
3232,kevin,24511652
3233,agricultural,24509113
3234,expand,24483262
3235,supporting,24481347
3236,audience,24472658
3237,assigned,24443469
3238,jordan,24441266
3239,collections,24438396
3240,ages,24435858
3241,participate,24430552
3242,plug,24429832
3243,specialist,24419338
3244,cook,24412080
3245,affect,24406141
3246,virgin,24406134
3247,experienced,24404214
3248,investigation,24399851
3249,raised,24397948
3250,hat,24383742
3251,institution,24373421
3252,directed,24347062
3253,dealers,24342319
3254,searching,24320613
3255,sporting,24320042
3256,helping,24319316
3257,perl,24308268
3258,affected,24301370
3259,lib,24291030
3260,bike,24286396
3261,totally,24276857
3262,plate,24275560
3263,expenses,24251012
3264,indicate,24232402
3265,blonde,24231993
3266,ab,24218038
3267,proceedings,24214333
3268,favourite,24206461
3269,transmission,24204527
3270,anderson,24194712
3271,utc,24175406
3272,characteristics,24168882
3273,der,24152797
3274,lose,24136984
3275,organic,24136036
3276,seek,24135344
3277,experiences,24128488
3278,albums,24121031
3279,cheats,24106832
3280,extremely,24102186
3281,verzeichnis,24102075
3282,contracts,24095623
3283,guests,24082514
3284,hosted,24074706
3285,diseases,24063325
3286,concerning,24060603
3287,developers,24060421
3288,equivalent,24050668
3289,chemistry,24049713
3290,tony,24047635
3291,neighborhood,24047400
3292,nevada,24043648
3293,kits,24034484
3294,thailand,24031935
3295,variables,24020805
3296,agenda,24005891
3297,anyway,24005157
3298,continues,24003655
3299,tracks,24002303
3300,advisory,24000526
3301,cam,23995601
3302,curriculum,23992488
3303,logic,23989892
3304,template,23980628
3305,prince,23975036
3306,circle,23962760
3307,soil,23949346
3308,grants,23947774
3309,anywhere,23947583
3310,psychology,23936050
3311,responses,23920387
3312,atlantic,23920018
3313,wet,23918294
3314,circumstances,23915696
3315,edward,23900979
3316,investor,23891261
3317,identification,23879859
3318,ram,23864106
3319,leaving,23848479
3320,wildlife,23847419
3321,appliances,23847029
3322,matt,23843367
3323,elementary,23834221
3324,cooking,23831058
3325,speaking,23813045
3326,sponsors,23800242
3327,fox,23795336
3328,unlimited,23794930
3329,respond,23761645
3330,sizes,23751367
3331,plain,23747230
3332,exit,23738883
3333,entered,23727218
3334,iran,23724874
3335,arm,23724057
3336,keys,23716024
3337,launch,23714910
3338,wave,23713001
3339,checking,23708784
3340,costa,23702154
3341,belgium,23698217
3342,printable,23688775
3343,holy,23688276
3344,acts,23687645
3345,guidance,23681851
3346,trail,23648838
3347,enforcement,23638612
3348,symbol,23631465
3349,crafts,23627152
3350,highway,23623260
3351,buddy,23611087
3352,hardcover,23596258
3353,observed,23595635
3354,dean,23583773
3355,setup,23534848
3356,poll,23522790
3357,booking,23522206
3358,glossary,23506998
3359,fiscal,23506040
3360,celebrity,23500942
3361,styles,23491617
3362,denver,23464662
3363,unix,23461474
3364,filled,23448324
3365,bond,23448169
3366,channels,23426176
3367,ericsson,23419855
3368,appendix,23395734
3369,notify,23388787
3370,blues,23387172
3371,chocolate,23379199
3372,pub,23372365
3373,portion,23356612
3374,scope,23349420
3375,hampshire,23342329
3376,supplier,23337437
3377,cables,23311631
3378,cotton,23279423
3379,bluetooth,23268426
3380,controlled,23265403
3381,requirement,23258004
3382,authorities,23252750
3383,biology,23245252
3384,dental,23240707
3385,killed,23240536
3386,border,23234399
3387,ancient,23226415
3388,debate,23211499
3389,representatives,23187953
3390,starts,23163739
3391,pregnancy,23152490
3392,causes,23150385
3393,arkansas,23135882
3394,biography,23134870
3395,leisure,23133305
3396,attractions,23129051
3397,learned,23121323
3398,transactions,23104294
3399,notebook,23102539
3400,explorer,23095103
3401,historic,23081656
3402,attached,23079894
3403,opened,23076347
3404,tm,23069293
3405,husband,23064889
3406,disabled,23056120
3407,authorized,23045176
3408,crazy,23032837
3409,upcoming,23031383
3410,britain,23030983
3411,concert,23023737
3412,retirement,23018726
3413,scores,23018016
3414,financing,23013544
3415,efficiency,23005937
3416,sp,23003713
3417,comedy,22993280
3418,adopted,22972983
3419,efficient,22963685
3420,weblog,22961283
3421,linear,22944812
3422,commitment,22937360
3423,specialty,22932109
3424,bears,22926868
3425,jean,22925412
3426,hop,22924925
3427,carrier,22919197
3428,edited,22917163
3429,constant,22910883
3430,visa,22903835
3431,mouth,22880351
3432,jewish,22875236
3433,meter,22874915
3434,linked,22873620
3435,portland,22846763
3436,interviews,22841603
3437,concepts,22840348
3438,nh,22837222
3439,gun,22834049
3440,reflect,22829406
3441,pure,22826920
3442,deliver,22807066
3443,wonder,22806353
3444,hell,22791884
3445,lessons,22779035
3446,fruit,22767191
3447,begins,22759868
3448,qualified,22754976
3449,reform,22751438
3450,lens,22737367
3451,alerts,22720439
3452,treated,22718161
3453,discovery,22709821
3454,draw,22705371
3455,mysql,22703527
3456,classified,22697689
3457,relating,22696778
3458,assume,22679395
3459,confidence,22674777
3460,alliance,22666723
3461,fm,22665700
3462,confirm,22651501
3463,warm,22645772
3464,neither,22640226
3465,lewis,22640158
3466,howard,22626828
3467,offline,22617007
3468,leaves,22612463
3469,engineer,22607580
3470,lifestyle,22607485
3471,consistent,22600601
3472,replace,22592560
3473,clearance,22591565
3474,connections,22575698
3475,inventory,22559583
3476,converter,22543742
3477,suck,22518606
3478,organisation,22507728
3479,babe,22489791
3480,checks,22488512
3481,reached,22485293
3482,becoming,22483164
3483,blowjob,22479544
3484,safari,22479030
3485,objective,22472623
3486,indicated,22471844
3487,sugar,22450333
3488,crew,22443877
3489,legs,22424518
3490,sam,22410798
3491,stick,22399126
3492,securities,22397133
3493,allen,22368068
3494,pdt,22362104
3495,relation,22355933
3496,enabled,22345126
3497,genre,22344091
3498,slide,22339084
3499,montana,22338359
3500,volunteer,22336881
3501,tested,22323205
3502,rear,22323038
3503,democratic,22316965
3504,enhance,22310420
3505,switzerland,22307018
3506,exact,22304937
3507,bound,22303643
3508,parameter,22300838
3509,adapter,22290799
3510,processor,22289617
3511,formal,22274656
3512,dimensions,22257949
3513,contribute,22255117
3514,lock,22253866
3515,hockey,22252453
3516,storm,22242164
3517,micro,22219932
3518,colleges,22202424
3519,laptops,22187279
3520,mile,22178748
3521,showed,22170303
3522,challenges,22164268
3523,editors,22144072
3524,mens,22136843
3525,threads,22123285
3526,bowl,22118861
3527,supreme,22106270
3528,brothers,22101521
3529,recognition,22092586
3530,presents,22092519
3531,ref,22087203
3532,tank,22070512
3533,submission,22066279
3534,dolls,22065047
3535,estimate,22033576
3536,encourage,22019763
3537,navy,22018379
3538,kid,22011943
3539,regulatory,22011107
3540,inspection,21999457
3541,consumers,21993010
3542,cancel,21985503
3543,limits,21977149
3544,territory,21963698
3545,transaction,21962815
3546,manchester,21943382
3547,weapons,21937267
3548,paint,21926890
3549,delay,21911190
3550,pilot,21909830
3551,outlet,21890990
3552,contributions,21879064
3553,continuous,21872964
3554,db,21860146
3555,czech,21849930
3556,resulting,21843487
3557,cambridge,21835781
3558,initiative,21828838
3559,novel,21821189
3560,pan,21810838
3561,execution,21809656
3562,disability,21802396
3563,increases,21799357
3564,ultra,21795075
3565,winner,21794180
3566,idaho,21791957
3567,contractor,21783415
3568,ph,21776313
3569,episode,21772999
3570,examination,21771412
3571,potter,21763070
3572,dish,21755859
3573,plays,21753930
3574,bulletin,21741926
3575,ia,21735285
3576,pt,21722139
3577,indicates,21718552
3578,modify,21716962
3579,oxford,21694927
3580,adam,21694386
3581,truly,21693553
3582,epinions,21682171
3583,painting,21673638
3584,committed,21662572
3585,extensive,21654082
3586,affordable,21650006
3587,universe,21643935
3588,candidate,21635540
3589,databases,21617803
3590,patent,21612969
3591,slot,21602762
3592,psp,21591313
3593,outstanding,21578895
3594,ha,21577216
3595,eating,21565444
3596,perspective,21553761
3597,planned,21546767
3598,watching,21543474
3599,lodge,21541130
3600,messenger,21540177
3601,mirror,21539161
3602,tournament,21538542
3603,consideration,21533734
3604,ds,21532272
3605,discounts,21528542
3606,sterling,21518500
3607,sessions,21505885
3608,kernel,21477662
3609,boobs,21461250
3610,stocks,21451319
3611,buyers,21450595
3612,journals,21443275
3613,gray,21424658
3614,catalogue,21424300
3615,ea,21419982
3616,jennifer,21402386
3617,antonio,21388530
3618,charged,21377577
3619,broad,21370126
3620,taiwan,21364111
3621,und,21348520
3622,chosen,21345654
3623,demo,21344258
3624,greece,21329720
3625,lg,21327926
3626,swiss,21324437
3627,sarah,21321998
3628,clark,21305891
3629,labour,21288089
3630,hate,21274675
3631,terminal,21273172
3632,publishers,21264743
3633,nights,21258662
3634,behalf,21247820
3635,caribbean,21245213
3636,liquid,21222253
3637,rice,21184648
3638,nebraska,21172763
3639,loop,21172360
3640,salary,21156261
3641,reservation,21150948
3642,foods,21150689
3643,gourmet,21148895
3644,guard,21137924
3645,properly,21137573
3646,orleans,21126048
3647,saving,21120835
3648,nfl,21120518
3649,remaining,21111544
3650,empire,21111416
3651,resume,21107737
3652,twenty,21104413
3653,newly,21102330
3654,raise,21099943
3655,prepare,21088422
3656,avatar,21069571
3657,gary,21068408
3658,depending,21054967
3659,illegal,21046606
3660,expansion,21036273
3661,vary,21031266
3662,hundreds,21028505
3663,rome,21023186
3664,arab,21018675
3665,lincoln,21010742
3666,helped,21000656
3667,premier,20990322
3668,tomorrow,20976724
3669,purchased,20961092
3670,milk,20955909
3671,decide,20950675
3672,consent,20943616
3673,drama,20939845
3674,visiting,20913930
3675,performing,20907433
3676,downtown,20904189
3677,keyboard,20886053
3678,contest,20857011
3679,collected,20848162
3680,nw,20843736
3681,bands,20842378
3682,boot,20824944
3683,suitable,20824374
3684,ff,20816662
3685,absolutely,20816571
3686,millions,20807908
3687,lunch,20807419
3688,dildo,20789655
3689,audit,20786243
3690,push,20775147
3691,chamber,20769668
3692,guinea,20757599
3693,findings,20757470
3694,muscle,20752802
3695,featuring,20737262
3696,iso,20728145
3697,implement,20723680
3698,clicking,20719323
3699,scheduled,20699522
3700,polls,20694349
3701,typical,20693008
3702,tower,20686918
3703,yours,20672809
3704,sum,20672326
3705,misc,20667432
3706,calculator,20664690
3707,significantly,20660846
3708,chicken,20655046
3709,temporary,20652475
3710,attend,20639654
3711,shower,20638340
3712,alan,20629981
3713,sending,20622624
3714,jason,20616747
3715,tonight,20612955
3716,dear,20608432
3717,sufficient,20605030
3718,holdem,20603157
3719,shell,20599318
3720,province,20587924
3721,catholic,20578959
3722,oak,20577693
3723,vat,20551018
3724,awareness,20531095
3725,vancouver,20501421
3726,governor,20494068
3727,beer,20486707
3728,seemed,20472519
3729,contribution,20468734
3730,measurement,20463095
3731,swimming,20456063
3732,spyware,20444838
3733,formula,20434177
3734,constitution,20433489
3735,packaging,20427866
3736,solar,20423792
3737,jose,20422802
3738,catch,20400979
3739,jane,20400852
3740,pakistan,20374059
3741,ps,20356304
3742,reliable,20351804
3743,consultation,20345250
3744,northwest,20337289
3745,sir,20336105
3746,doubt,20311261
3747,earn,20305486
3748,finder,20303313
3749,unable,20295595
3750,periods,20292357
3751,classroom,20274797
3752,tasks,20273373
3753,democracy,20255935
3754,attacks,20251567
3755,kim,20251249
3756,wallpaper,20243780
3757,merchandise,20241873
3758,const,20236664
3759,resistance,20233262
3760,doors,20229491
3761,symptoms,20222172
3762,resorts,20217144
3763,biggest,20195396
3764,memorial,20161664
3765,visitor,20158930
3766,twin,20149771
3767,forth,20149609
3768,insert,20140772
3769,baltimore,20128328
3770,ky,20104754
3771,dont,20071832
3772,alumni,20070485
3773,drawing,20067264
3774,candidates,20063868
3775,charlotte,20061169
3776,ordered,20046781
3777,biological,20043500
3778,fighting,20036994
3779,transition,20032306
3780,happens,20031363
3781,preferences,20025318
3782,spy,20024908
3783,romance,20020088
3784,instrument,20003254
3785,bruce,19999866
3786,split,19998411
3787,themes,19974388
3788,powers,19973868
3789,heaven,19969634
3790,br,19967415
3791,bits,19947239
3792,pregnant,19945624
3793,twice,19945569
3794,classification,19930633
3795,focused,19929357
3796,egypt,19926686
3797,physician,19926088
3798,hollywood,19919000
3799,bargain,19912730
3800,wikipedia,19912702
3801,cellular,19906433
3802,norway,19902766
3803,vermont,19895227
3804,asking,19887691
3805,blocks,19884255
3806,normally,19883839
3807,lo,19862252
3808,spiritual,19850597
3809,hunting,19830577
3810,diabetes,19825438
3811,suit,19820586
3812,ml,19814809
3813,shift,19811555
3814,chip,19810772
3815,res,19797705
3816,sit,19797379
3817,bodies,19791471
3818,photographs,19786316
3819,cutting,19780364
3820,wow,19778779
3821,simon,19757457
3822,writers,19752033
3823,marks,19747824
3824,flexible,19729430
3825,loved,19719299
3826,favourites,19713139
3827,mapping,19709941
3828,numerous,19705123
3829,relatively,19693917
3830,birds,19693729
3831,satisfaction,19684544
3832,represents,19682589
3833,char,19673918
3834,indexed,19672520
3835,pittsburgh,19654781
3836,superior,19647999
3837,preferred,19640247
3838,saved,19635976
3839,paying,19621495
3840,cartoon,19615945
3841,shots,19611119
3842,intellectual,19591717
3843,moore,19585613
3844,granted,19576234
3845,choices,19552069
3846,carbon,19551891
3847,spending,19521910
3848,comfortable,19520487
3849,magnetic,19516958
3850,interaction,19515376
3851,listening,19511935
3852,effectively,19507811
3853,registry,19501434
3854,crisis,19470970
3855,outlook,19458910
3856,massive,19454740
3857,denmark,19454118
3858,employed,19450139
3859,bright,19446368
3860,treat,19442315
3861,header,19439961
3862,cs,19432573
3863,poverty,19430836
3864,formed,19429976
3865,piano,19419956
3866,echo,19410462
3867,que,19386477
3868,grid,19386406
3869,sheets,19384447
3870,patrick,19384046
3871,experimental,19364822
3872,puerto,19353145
3873,revolution,19349788
3874,consolidation,19338827
3875,displays,19333113
3876,plasma,19332271
3877,allowing,19319626
3878,earnings,19286666
3879,voip,19284544
3880,mystery,19280044
3881,landscape,19271452
3882,dependent,19261238
3883,mechanical,19250300
3884,journey,19236081
3885,delaware,19226311
3886,bidding,19223538
3887,consultants,19217318
3888,risks,19205769
3889,banner,19200368
3890,applicant,19198316
3891,charter,19192148
3892,fig,19191343
3893,barbara,19188215
3894,cooperation,19182847
3895,counties,19178768
3896,acquisition,19174010
3897,ports,19171802
3898,implemented,19164127
3899,sf,19162406
3900,directories,19152522
3901,recognized,19142613
3902,dreams,19138612
3903,blogger,19137148
3904,notification,19120218
3905,kg,19097420
3906,licensing,19094731
3907,stands,19090611
3908,teach,19079783
3909,occurred,19073806
3910,textbooks,19071639
3911,rapid,19070672
3912,pull,19061871
3913,hairy,19060619
3914,diversity,19048481
3915,cleveland,19041185
3916,ut,19039754
3917,reverse,19032783
3918,deposit,19026524
3919,seminar,19021971
3920,investments,19015441
3921,latina,19013623
3922,nasa,19009670
3923,wheels,19006976
3924,sexcam,19005574
3925,specify,19002536
3926,accessibility,19002278
3927,dutch,19000979
3928,sensitive,18984710
3929,templates,18984357
3930,formats,18983382
3931,tab,18977951
3932,depends,18969978
3933,boots,18968708
3934,holds,18963546
3935,router,18959289
3936,concrete,18948140
3937,si,18944942
3938,editing,18942899
3939,poland,18942734
3940,folder,18941479
3941,womens,18930317
3942,css,18910188
3943,completion,18906369
3944,upload,18904189
3945,pulse,18893735
3946,universities,18884161
3947,technique,18830686
3948,contractors,18830680
3949,milfhunter,18819432
3950,voting,18802108
3951,courts,18791699
3952,notices,18780271
3953,subscriptions,18779200
3954,calculate,18767840
3955,mc,18760182
3956,detroit,18751733
3957,alexander,18751215
3958,broadcast,18743293
3959,converted,18738701
3960,metro,18738665
3961,toshiba,18736700
3962,anniversary,18734145
3963,improvements,18727612
3964,strip,18711440
3965,specification,18707636
3966,pearl,18707334
3967,accident,18699760
3968,nick,18698980
3969,accessible,18695403
3970,accessory,18694578
3971,resident,18689929
3972,plot,18683404
3973,qty,18679423
3974,possibly,18672516
3975,airline,18665709
3976,typically,18662924
3977,representation,18650172
3978,regard,18645277
3979,pump,18643932
3980,exists,18638064
3981,arrangements,18634535
3982,smooth,18633567
3983,conferences,18624807
3984,uniprotkb,18623096
3985,beastiality,18622054
3986,strike,18621050
3987,consumption,18620599
3988,birmingham,18611752
3989,flashing,18595842
3990,lp,18590726
3991,narrow,18584380
3992,afternoon,18564567
3993,threat,18546277
3994,surveys,18525332
3995,sitting,18524885
3996,putting,18519708
3997,consultant,18517590
3998,controller,18513560
3999,ownership,18509572
4000,committees,18497349
4001,penis,18478169
4002,legislative,18476534
4003,researchers,18470404
4004,vietnam,18468046
4005,trailer,18462738
4006,anne,18459430
4007,castle,18456906
4008,gardens,18454805
4009,missed,18451052
4010,malaysia,18443192
4011,unsubscribe,18441393
4012,antique,18430306
4013,labels,18427423
4014,willing,18418634
4015,bio,18409348
4016,molecular,18409158
4017,upskirt,18409109
4018,acting,18407646
4019,heads,18400524
4020,stored,18391852
4021,exam,18367837
4022,logos,18366230
4023,residence,18363183
4024,attorneys,18359626
4025,milfs,18358745
4026,antiques,18348484
4027,density,18346206
4028,hundred,18339491
4029,ryan,18338623
4030,operators,18330183
4031,strange,18322738
4032,sustainable,18313216
4033,philippines,18310463
4034,statistical,18306995
4035,beds,18301294
4036,breasts,18292455
4037,mention,18291476
4038,innovation,18281662
4039,pcs,18280912
4040,employers,18278335
4041,grey,18276942
4042,parallel,18272352
4043,honda,18261029
4044,amended,18250351
4045,operate,18249982
4046,bills,18248816
4047,bold,18244416
4048,bathroom,18235238
4049,stable,18225829
4050,opera,18225169
4051,definitions,18216711
4052,von,18214911
4053,doctors,18212611
4054,lesson,18181371
4055,cinema,18179389
4056,asset,18178753
4057,ag,18177532
4058,scan,18173060
4059,elections,18166926
4060,drinking,18160233
4061,blowjobs,18154882
4062,reaction,18153532
4063,blank,18150537
4064,enhanced,18142340
4065,entitled,18140595
4066,severe,18137877
4067,generate,18137492
4068,stainless,18133474
4069,newspapers,18120268
4070,hospitals,18114421
4071,vi,18087881
4072,deluxe,18085596
4073,humor,18085495
4074,aged,18057587
4075,monitors,18056760
4076,exception,18051815
4077,lived,18050710
4078,duration,18048878
4079,bulk,18029501
4080,successfully,18026184
4081,indonesia,18010087
4082,pursuant,18004879
4083,sci,17997395
4084,fabric,17992206
4085,edt,17988268
4086,visits,17988054
4087,primarily,17984549
4088,tight,17981854
4089,domains,17981289
4090,capabilities,17973932
4091,pmid,17966065
4092,contrast,17955786
4093,recommendation,17950913
4094,flying,17948471
4095,<ESC>,0
